hull_id,source_family,source_title,source_author,source_url,source_licence,lines_source,offset_source,LWL_m,BWL_m,BWL_at_max_area_m,T_m,D_m,Cp,Cb,Cm,Cw,LCB_percent,LCB_convention,LCB_original_convention,LCB_transformation,deadrise_deg,transom_area_ratio,hull_type,hard_chine_or_round_bilge,range_class,range_note,D_available,complete_six,scalar_max_abs_dev,geom_rms_m,geom_rms_pct_halfbeam,geom_max_m,geom_coverage,extraction_method,notes,published_table,table_vol_dev_pct,table_cp_dev_pct,table_lwl_dev_pct,table_bwl_dev_pct,table_ax_dev_pct
dsyhs_01,Delft Systematic Yacht Hull Series,Delft Systematic Yacht Hull Series Geometries data,"Delft University of Technology, Ship Hydromechanics Laboratory",https://data.4tu.nl/articles/dataset/Delft_Systematic_Yacht_Hull_Series_Geometries_data/21501330,CC0,"3D IGES NURBS surfaces, one per model, model scale, millimetres",extracted from the published geometry,10.047428606275627,3.203546,3.202578,0.793605012,1.987859,0.5624386766006468,0.35884742421886323,0.6380205329898727,0.6765563994141204,-2.1360506696592574,"percent of LWL, POSITIVE FORWARD of amidships","metres from 1/2 waterline length, upright condition (4TU hydrostatics 'Info' sheet, row lcb0). Negative is AFT.","LCB_pct = 100 * lcb0 / lwl0. Sign UNCHANGED: the source is already positive-forward. VERIFIED rather than assumed -- LCF is tabulated in the same units and sits further aft than LCB on every model, which is only true of a yacht canoe body if negative means aft.",14.212662382428528,0.0,"wide,moderate_draft,moderate_Cp",round_bilge,IN_RANGE,,True,True,0.0005576399201783211,0.14767365175321118,8.040695889486381,0.65103,1.0,"independent: offsets read from the published geometry, hydrostatics by benchmarks/e5_hydro.py which imports no part of the kernel under test","Fin-keel sailing yacht CANOE BODIES, appendages removed. Every model normalises to LWL = 10.000 m at full scale, so this family supplies NO length diversity whatever -- it varies beam, draft and prism","DSYHS hydrostatics, DOI 10.4121/21501375.v1",-0.18055134561429148,-0.34988459549411,0.4742771031873882,1.0582103224566861,-0.30291265674142576
dsyhs_02,Delft Systematic Yacht Hull Series,Delft Systematic Yacht Hull Series Geometries data,"Delft University of Technology, Ship Hydromechanics Laboratory",https://data.4tu.nl/articles/dataset/Delft_Systematic_Yacht_Hull_Series_Geometries_data/21501330,CC0,"3D IGES NURBS surfaces, one per model, model scale, millimetres",extracted from the published geometry,10.04967,2.789724,2.789124,0.906938014,2.091183,0.5652078576011222,0.3606683854581833,0.63811636835508,0.6789844470870329,-2.133862104007598,"percent of LWL, POSITIVE FORWARD of amidships","metres from 1/2 waterline length, upright condition (4TU hydrostatics 'Info' sheet, row lcb0). Negative is AFT.","LCB_pct = 100 * lcb0 / lwl0. Sign UNCHANGED: the source is already positive-forward. VERIFIED rather than assumed -- LCF is tabulated in the same units and sits further aft than LCB on every model, which is only true of a yacht canoe body if negative means aft.",18.39284410858028,0.0,"wide,moderate_draft,moderate_Cp",round_bilge,IN_RANGE,,True,True,0.001411138199878259,0.12493278837758506,7.812474064427245,0.51622,1.0,"independent: offsets read from the published geometry, hydrostatics by benchmarks/e5_hydro.py which imports no part of the kernel under test","Fin-keel sailing yacht CANOE BODIES, appendages removed. Every model normalises to LWL = 10.000 m at full scale, so this family supplies NO length diversity whatever -- it varies beam, draft and prism","DSYHS hydrostatics, DOI 10.4121/21501375.v1",-0.10222458672541707,-0.380624814323457,0.49669476000323615,1.0769725522184124,-0.21615718192131295
dsyhs_03,Delft Systematic Yacht Hull Series,Delft Systematic Yacht Hull Series Geometries data,"Delft University of Technology, Ship Hydromechanics Laboratory",https://data.4tu.nl/articles/dataset/Delft_Systematic_Yacht_Hull_Series_Geometries_data/21501330,CC0,"3D IGES NURBS surfaces, one per model, model scale, millimetres",extracted from the published geometry,10.048799803915285,3.67932,3.678224,0.68095301,1.8662070000000002,0.5696757337954119,0.3635063164586799,0.6380933834707206,0.6828252593172399,-2.144126462030112,"percent of LWL, POSITIVE FORWARD of amidships","metres from 1/2 waterline length, upright condition (4TU hydrostatics 'Info' sheet, row lcb0). Negative is AFT.","LCB_pct = 100 * lcb0 / lwl0. Sign UNCHANGED: the source is already positive-forward. VERIFIED rather than assumed -- LCF is tabulated in the same units and sits further aft than LCB on every model, which is only true of a yacht canoe body if negative means aft.",10.723050425991229,0.0,"wide,shallow_draft,moderate_Cp",round_bilge,IN_RANGE,,True,True,0.002035273793767889,0.1623922141256358,7.706946129263443,0.812385,1.0,"independent: offsets read from the published geometry, hydrostatics by benchmarks/e5_hydro.py which imports no part of the kernel under test","Fin-keel sailing yacht CANOE BODIES, appendages removed. Every model normalises to LWL = 10.000 m at full scale, so this family supplies NO length diversity whatever -- it varies beam, draft and prism","DSYHS hydrostatics, DOI 10.4121/21501375.v1",-0.1104549434509503,-0.32861349966052167,0.48797490971867874,1.0802259460301904,-0.2677903417767189
dsyhs_04,Delft Systematic Yacht Hull Series,Delft Systematic Yacht Hull Series Geometries data,"Delft University of Technology, Ship Hydromechanics Laboratory",https://data.4tu.nl/articles/dataset/Delft_Systematic_Yacht_Hull_Series_Geometries_data/21501330,CC0,"3D IGES NURBS surfaces, one per model, model scale, millimetres",extracted from the published geometry,10.029203403733916,2.874012,2.87316,0.721922011,1.9117989999999998,0.5655261183133873,0.35819122352533733,0.6333769775189146,0.6789965457415201,-2.138818287043481,"percent of LWL, POSITIVE FORWARD of amidships","metres from 1/2 waterline length, upright condition (4TU hydrostatics 'Info' sheet, row lcb0). Negative is AFT.","LCB_pct = 100 * lcb0 / lwl0. Sign UNCHANGED: the source is already positive-forward. VERIFIED rather than assumed -- LCF is tabulated in the same units and sits further aft than LCB on every model, which is only true of a yacht canoe body if negative means aft.",15.134083654351633,0.0,"wide,moderate_draft,moderate_Cp",round_bilge,IN_RANGE,,True,True,0.0002428706248425172,0.13186582619010123,7.988822817853148,0.619702,1.0,"independent: offsets read from the published geometry, hydrostatics by benchmarks/e5_hydro.py which imports no part of the kernel under test","Fin-keel sailing yacht CANOE BODIES, appendages removed. Every model normalises to LWL = 10.000 m at full scale, so this family supplies NO length diversity whatever -- it varies beam, draft and prism","DSYHS hydrostatics, DOI 10.4121/21501375.v1",-1.2781547447548436,-0.3775269162484001,0.29203736365347527,0.8425538589926338,-1.1925953655506256
dsyhs_05,Delft Systematic Yacht Hull Series,Delft Systematic Yacht Hull Series Geometries data,"Delft University of Technology, Ship Hydromechanics Laboratory",https://data.4tu.nl/articles/dataset/Delft_Systematic_Yacht_Hull_Series_Geometries_data/21501330,CC0,"3D IGES NURBS surfaces, one per model, model scale, millimetres",extracted from the published geometry,10.051464,3.64151,3.639004,0.919681014,2.113372,0.5558358964756087,0.35446656887145966,0.6377180227456117,0.6705686638513175,-2.236708101373129,"percent of LWL, POSITIVE FORWARD of amidships","metres from 1/2 waterline length, upright condition (4TU hydrostatics 'Info' sheet, row lcb0). Negative is AFT.","LCB_pct = 100 * lcb0 / lwl0. Sign UNCHANGED: the source is already positive-forward. VERIFIED rather than assumed -- LCF is tabulated in the same units and sits further aft than LCB on every model, which is only true of a yacht canoe body if negative means aft.",14.420594833323978,0.0,"wide,moderate_draft,low_Cp",round_bilge,IN_RANGE,,True,True,0.0015500326019091126,0.1731673958146847,8.292385362749295,0.673616,1.0,"independent: offsets read from the published geometry, hydrostatics by benchmarks/e5_hydro.py which imports no part of the kernel under test","Fin-keel sailing yacht CANOE BODIES, appendages removed. Every model normalises to LWL = 10.000 m at full scale, so this family supplies NO length diversity whatever -- it varies beam, draft and prism","DSYHS hydrostatics, DOI 10.4121/21501375.v1",-1.3779795249368034,-0.5384738867720158,0.5146278308443144,0.04150514314456472,-1.3517221230092569
dsyhs_06,Delft Systematic Yacht Hull Series,Delft Systematic Yacht Hull Series Geometries data,"Delft University of Technology, Ship Hydromechanics Laboratory",https://data.4tu.nl/articles/dataset/Delft_Systematic_Yacht_Hull_Series_Geometries_data/21501330,CC0,"3D IGES NURBS surfaces, one per model, model scale, millimetres",extracted from the published geometry,10.050461172477252,3.171284,3.169098,1.06375402,2.2571630000000003,0.5589864470225195,0.3564513963413637,0.6376744878879033,0.67328773366266,-2.22800207313941,"percent of LWL, POSITIVE FORWARD of amidships","metres from 1/2 waterline length, upright condition (4TU hydrostatics 'Info' sheet, row lcb0). Negative is AFT.","LCB_pct = 100 * lcb0 / lwl0. Sign UNCHANGED: the source is already positive-forward. VERIFIED rather than assumed -- LCF is tabulated in the same units and sits further aft than LCB on every model, which is only true of a yacht canoe body if negative means aft.",18.88181106024252,0.0,"wide,deep_draft,low_Cp",round_bilge,IN_RANGE,,True,True,0.00028837259760461365,0.146213850764677,8.042672222552827,0.530619,1.0,"independent: offsets read from the published geometry, hydrostatics by benchmarks/e5_hydro.py which imports no part of the kernel under test","Fin-keel sailing yacht CANOE BODIES, appendages removed. Every model normalises to LWL = 10.000 m at full scale, so this family supplies NO length diversity whatever -- it varies beam, draft and prism","DSYHS hydrostatics, DOI 10.4121/21501375.v1",-1.2626282901121972,-0.4418917879717025,0.5046154082361165,0.04052810766815009,-1.3223221338742637
dsyhs_07,Delft Systematic Yacht Hull Series,Delft Systematic Yacht Hull Series Geometries data,"Delft University of Technology, Ship Hydromechanics Laboratory",https://data.4tu.nl/articles/dataset/Delft_Systematic_Yacht_Hull_Series_Geometries_data/21501330,CC0,"3D IGES NURBS surfaces, one per model, model scale, millimetres",extracted from the published geometry,10.05464432724167,3.170276,3.169966,0.6397410099999999,1.830087,0.557467131124696,0.3559218759520801,0.6384625318339466,0.6723974827663047,-2.115839804633529,"percent of LWL, POSITIVE FORWARD of amidships","metres from 1/2 waterline length, upright condition (4TU hydrostatics 'Info' sheet, row lcb0). Negative is AFT.","LCB_pct = 100 * lcb0 / lwl0. Sign UNCHANGED: the source is already positive-forward. VERIFIED rather than assumed -- LCF is tabulated in the same units and sits further aft than LCB on every model, which is only true of a yacht canoe body if negative means aft.",11.416919336619028,0.0,"wide,moderate_draft,low_Cp",round_bilge,IN_RANGE,,True,True,0.0031129731062802257,0.15002321500291857,8.251734383832105,0.726124,1.0,"independent: offsets read from the published geometry, hydrostatics by benchmarks/e5_hydro.py which imports no part of the kernel under test","Fin-keel sailing yacht CANOE BODIES, appendages removed. Every model normalises to LWL = 10.000 m at full scale, so this family supplies NO length diversity whatever -- it varies beam, draft and prism","DSYHS hydrostatics, DOI 10.4121/21501375.v1",-1.2772927286821159,-0.5931752208405138,0.546464961489757,0.008717888488075738,-1.2279543593356184
dsyhs_08,Delft Systematic Yacht Hull Series,Delft Systematic Yacht Hull Series Geometries data,"Delft University of Technology, Ship Hydromechanics Laboratory",https://data.4tu.nl/articles/dataset/Delft_Systematic_Yacht_Hull_Series_Geometries_data/21501330,CC0,"3D IGES NURBS surfaces, one per model, model scale, millimetres",extracted from the published geometry,10.045476,3.053656,3.051116,0.793751012,1.95266,0.5844770236144123,0.3731461924931326,0.6384274786125764,0.6952611645159881,-2.254534135113848,"percent of LWL, POSITIVE FORWARD of amidships","metres from 1/2 waterline length, upright condition (4TU hydrostatics 'Info' sheet, row lcb0). Negative is AFT.","LCB_pct = 100 * lcb0 / lwl0. Sign UNCHANGED: the source is already positive-forward. VERIFIED rather than assumed -- LCF is tabulated in the same units and sits further aft than LCB on every model, which is only true of a yacht canoe body if negative means aft.",14.651331041570327,0.0,"wide,moderate_draft,moderate_Cp",round_bilge,IN_RANGE,,True,True,0.00018192959693763555,0.1232466568818455,7.041487161397862,0.608971,1.0,"independent: offsets read from the published geometry, hydrostatics by benchmarks/e5_hydro.py which imports no part of the kernel under test","Fin-keel sailing yacht CANOE BODIES, appendages removed. Every model normalises to LWL = 10.000 m at full scale, so this family supplies NO length diversity whatever -- it varies beam, draft and prism","DSYHS hydrostatics, DOI 10.4121/21501375.v1",-1.0606665183658222,-0.3277494749028678,0.45474504797402937,0.11984231185326855,-1.184684826480323
dsyhs_09,Delft Systematic Yacht Hull Series,Delft Systematic Yacht Hull Series Geometries data,"Delft University of Technology, Ship Hydromechanics Laboratory",https://data.4tu.nl/articles/dataset/Delft_Systematic_Yacht_Hull_Series_Geometries_data/21501330,CC0,"3D IGES NURBS surfaces, one per model, model scale, millimetres",extracted from the published geometry,10.058470759662603,3.279616,3.279616,0.793679012,1.959849,0.5433988882240094,0.3466978145908149,0.6380171584890934,0.6601576493217003,-2.0114783634613955,"percent of LWL, POSITIVE FORWARD of amidships","metres from 1/2 waterline length, upright condition (4TU hydrostatics 'Info' sheet, row lcb0). Negative is AFT.","LCB_pct = 100 * lcb0 / lwl0. Sign UNCHANGED: the source is already positive-forward. VERIFIED rather than assumed -- LCF is tabulated in the same units and sits further aft than LCB on every model, which is only true of a yacht canoe body if negative means aft.",13.661632304606782,7.22571777569415e-15,"wide,moderate_draft,low_Cp",round_bilge,IN_RANGE,,True,True,0.0007328447437515706,0.16643197025537723,8.849864632406469,0.656998,1.0,"independent: offsets read from the published geometry, hydrostatics by benchmarks/e5_hydro.py which imports no part of the kernel under test","Fin-keel sailing yacht CANOE BODIES, appendages removed. Every model normalises to LWL = 10.000 m at full scale, so this family supplies NO length diversity whatever -- it varies beam, draft and prism","DSYHS hydrostatics, DOI 10.4121/21501375.v1",-1.1308762597974706,-0.38778381461909645,0.5847046421511578,-0.011715385044317442,-1.322954520913543
dsyhs_10,Delft Systematic Yacht Hull Series,Delft Systematic Yacht Hull Series Geometries data,"Delft University of Technology, Ship Hydromechanics Laboratory",https://data.4tu.nl/articles/dataset/Delft_Systematic_Yacht_Hull_Series_Geometries_data/21501330,CC0,"3D IGES NURBS surfaces, one per model, model scale, millimetres",extracted from the published geometry,10.053240075345858,3.204374,3.194372,0.793892012,2.006091,0.5623170918102035,0.35860105091711864,0.6377203470069086,0.6816597168796068,0.16644061188468223,"percent of LWL, POSITIVE FORWARD of amidships","metres from 1/2 waterline length, upright condition (4TU hydrostatics 'Info' sheet, row lcb0). Negative is AFT.","LCB_pct = 100 * lcb0 / lwl0. Sign UNCHANGED: the source is already positive-forward. VERIFIED rather than assumed -- LCF is tabulated in the same units and sits further aft than LCB on every model, which is only true of a yacht canoe body if negative means aft.",14.699349592422402,0.0,"wide,moderate_draft,moderate_Cp",round_bilge,IN_RANGE,,True,True,1.451706685717813e-05,0.15794525437213516,8.596656612284047,0.657114,1.0,"independent: offsets read from the published geometry, hydrostatics by benchmarks/e5_hydro.py which imports no part of the kernel under test","Fin-keel sailing yacht CANOE BODIES, appendages removed. Every model normalises to LWL = 10.000 m at full scale, so this family supplies NO length diversity whatever -- it varies beam, draft and prism","DSYHS hydrostatics, DOI 10.4121/21501375.v1",-0.12948646717176068,-0.37141547843182193,0.5323901583696974,1.0843591409404283,-0.28802581439308095
dsyhs_11,Delft Systematic Yacht Hull Series,Delft Systematic Yacht Hull Series Geometries data,"Delft University of Technology, Ship Hydromechanics Laboratory",https://data.4tu.nl/articles/dataset/Delft_Systematic_Yacht_Hull_Series_Geometries_data/21501330,CC0,"3D IGES NURBS surfaces, one per model, model scale, millimetres",extracted from the published geometry,10.053577,3.204914,3.204914,0.793914012,2.04225,0.5627740767170645,0.35914717365012094,0.6381729161108513,0.6699279794073868,-4.827386992293791,"percent of LWL, POSITIVE FORWARD of amidships","metres from 1/2 waterline length, upright condition (4TU hydrostatics 'Info' sheet, row lcb0). Negative is AFT.","LCB_pct = 100 * lcb0 / lwl0. Sign UNCHANGED: the source is already positive-forward. VERIFIED rather than assumed -- LCF is tabulated in the same units and sits further aft than LCB on every model, which is only true of a yacht canoe body if negative means aft.",15.190826028148553,1.2464713250054348e-12,"wide,moderate_draft,moderate_Cp",round_bilge,OUT_OF_RANGE,"lcb=-4.8274 outside [-3,3] by 30.5% of the box",True,True,0.00021742845357497487,0.1494867620894134,8.136937023207478,0.668332,1.0,"independent: offsets read from the published geometry, hydrostatics by benchmarks/e5_hydro.py which imports no part of the kernel under test","Fin-keel sailing yacht CANOE BODIES, appendages removed. Every model normalises to LWL = 10.000 m at full scale, so this family supplies NO length diversity whatever -- it varies beam, draft and prism","DSYHS hydrostatics, DOI 10.4121/21501375.v1",0.023781929636810667,-0.31219349119545975,0.5357696643980365,1.1014005606433666,-0.19768294011899562
dsyhs_12,Delft Systematic Yacht Hull Series,Delft Systematic Yacht Hull Series Geometries data,"Delft University of Technology, Ship Hydromechanics Laboratory",https://data.4tu.nl/articles/dataset/Delft_Systematic_Yacht_Hull_Series_Geometries_data/21501330,CC0,"3D IGES NURBS surfaces, one per model, model scale, millimetres",extracted from the published geometry,10.053108889793005,2.85038,2.841444,0.723963011,1.889186,0.562337236870248,0.35862053244956726,0.6377321452968522,0.6816825704684534,0.1682191450113338,"percent of LWL, POSITIVE FORWARD of amidships","metres from 1/2 waterline length, upright condition (4TU hydrostatics 'Info' sheet, row lcb0). Negative is AFT.","LCB_pct = 100 * lcb0 / lwl0. Sign UNCHANGED: the source is already positive-forward. VERIFIED rather than assumed -- LCF is tabulated in the same units and sits further aft than LCB on every model, which is only true of a yacht canoe body if negative means aft.",15.051001446814917,2.227879541359486e-11,"wide,moderate_draft,moderate_Cp",round_bilge,IN_RANGE,,True,True,0.0011154159788615559,0.14136740560616384,8.653093496757638,0.603021,1.0,"independent: offsets read from the published geometry, hydrostatics by benchmarks/e5_hydro.py which imports no part of the kernel under test","Fin-keel sailing yacht CANOE BODIES, appendages removed. Every model normalises to LWL = 10.000 m at full scale, so this family supplies NO length diversity whatever -- it varies beam, draft and prism","DSYHS hydrostatics, DOI 10.4121/21501375.v1",-1.0679232465302642,-0.2449141662907881,0.5310921014149539,0.013358739257892249,-1.3489575890505667
dsyhs_13,Delft Systematic Yacht Hull Series,Delft Systematic Yacht Hull Series Geometries data,"Delft University of Technology, Ship Hydromechanics Laboratory",https://data.4tu.nl/articles/dataset/Delft_Systematic_Yacht_Hull_Series_Geometries_data/21501330,CC0,"3D IGES NURBS surfaces, one per model, model scale, millimetres",extracted from the published geometry,10.053288732132513,2.852594,2.852594,0.723868011,1.887885,0.5627704158759071,0.359126341112174,0.6381400496208076,0.6699054824155642,-4.828916290808221,"percent of LWL, POSITIVE FORWARD of amidships","metres from 1/2 waterline length, upright condition (4TU hydrostatics 'Info' sheet, row lcb0). Negative is AFT.","LCB_pct = 100 * lcb0 / lwl0. Sign UNCHANGED: the source is already positive-forward. VERIFIED rather than assumed -- LCF is tabulated in the same units and sits further aft than LCB on every model, which is only true of a yacht canoe body if negative means aft.",15.542999740592363,0.0,"wide,moderate_draft,moderate_Cp",round_bilge,OUT_OF_RANGE,"lcb=-4.8289 outside [-3,3] by 30.5% of the box",True,True,8.198248177171408e-05,0.1330100986295936,8.135910689750117,0.602679,1.0,"independent: offsets read from the published geometry, hydrostatics by benchmarks/e5_hydro.py which imports no part of the kernel under test","Fin-keel sailing yacht CANOE BODIES, appendages removed. Every model normalises to LWL = 10.000 m at full scale, so this family supplies NO length diversity whatever -- it varies beam, draft and prism","DSYHS hydrostatics, DOI 10.4121/21501375.v1",-0.849477371704128,-0.22961871547957166,0.5328781140501397,0.09103681914395442,-1.1480456733422915
dsyhs_14,Delft Systematic Yacht Hull Series,Delft Systematic Yacht Hull Series Geometries data,"Delft University of Technology, Ship Hydromechanics Laboratory",https://data.4tu.nl/articles/dataset/Delft_Systematic_Yacht_Hull_Series_Geometries_data/21501330,CC0,"3D IGES NURBS surfaces, one per model, model scale, millimetres",extracted from the published geometry,10.066631452485888,2.850182,2.850182,0.771979012,1.98694,0.5128170862893945,0.32729956768081286,0.6382384215180191,0.6287718959026535,-2.732100665431647,"percent of LWL, POSITIVE FORWARD of amidships","metres from 1/2 waterline length, upright condition (4TU hydrostatics 'Info' sheet, row lcb0). Negative is AFT.","LCB_pct = 100 * lcb0 / lwl0. Sign UNCHANGED: the source is already positive-forward. VERIFIED rather than assumed -- LCF is tabulated in the same units and sits further aft than LCB on every model, which is only true of a yacht canoe body if negative means aft.",15.210578795502125,0.0,"wide,moderate_draft,low_Cp",round_bilge,OUT_OF_RANGE,"Cp=0.5128 outside [0.525,0.71] by 6.6% of the box",True,True,0.0027351602794589702,0.1634018215235631,9.99903446896559,0.595262,1.0,"independent: offsets read from the published geometry, hydrostatics by benchmarks/e5_hydro.py which imports no part of the kernel under test","Fin-keel sailing yacht CANOE BODIES, appendages removed. Every model normalises to LWL = 10.000 m at full scale, so this family supplies NO length diversity whatever -- it varies beam, draft and prism","DSYHS hydrostatics, DOI 10.4121/21501375.v1",-3.6099230080151212,-3.0413096234971437,0.6663240607370187,0.006386657554995605,-1.244480903032943
dsyhs_15,Delft Systematic Yacht Hull Series,Delft Systematic Yacht Hull Series Geometries data,"Delft University of Technology, Ship Hydromechanics Laboratory",https://data.4tu.nl/articles/dataset/Delft_Systematic_Yacht_Hull_Series_Geometries_data/21501330,CC0,"3D IGES NURBS surfaces, one per model, model scale, millimetres",extracted from the published geometry,10.066530705221808,3.16021,3.16021,0.8579370129999999,2.16225,0.5263749370560157,0.3359225579134134,0.6381811409794863,0.6453228308635813,-2.0862659872891767,"percent of LWL, POSITIVE FORWARD of amidships","metres from 1/2 waterline length, upright condition (4TU hydrostatics 'Info' sheet, row lcb0). Negative is AFT.","LCB_pct = 100 * lcb0 / lwl0. Sign UNCHANGED: the source is already positive-forward. VERIFIED rather than assumed -- LCF is tabulated in the same units and sits further aft than LCB on every model, which is only true of a yacht canoe body if negative means aft.",15.253417799668968,4.683646603815454e-12,"wide,moderate_draft,low_Cp",round_bilge,IN_RANGE,,True,True,0.0009525754195434111,0.17023022221582834,9.394220225875342,0.646474,1.0,"independent: offsets read from the published geometry, hydrostatics by benchmarks/e5_hydro.py which imports no part of the kernel under test","Fin-keel sailing yacht CANOE BODIES, appendages removed. Every model normalises to LWL = 10.000 m at full scale, so this family supplies NO length diversity whatever -- it varies beam, draft and prism","DSYHS hydrostatics, DOI 10.4121/21501375.v1",-1.330821069247035,-0.7523102495714744,0.6653205113473116,0.006624605479465135,-1.2399667642103462
dsyhs_16,Delft Systematic Yacht Hull Series,Delft Systematic Yacht Hull Series Geometries data,"Delft University of Technology, Ship Hydromechanics Laboratory",https://data.4tu.nl/articles/dataset/Delft_Systematic_Yacht_Hull_Series_Geometries_data/21501330,CC0,"3D IGES NURBS surfaces, one per model, model scale, millimetres",extracted from the published geometry,10.063003268120065,3.17814,3.17814,1.12703902,2.2745230000000003,0.5269178869465685,0.3357062378292057,0.6371130040291224,0.6457551448689386,-2.0822589186355525,"percent of LWL, POSITIVE FORWARD of amidships","metres from 1/2 waterline length, upright condition (4TU hydrostatics 'Info' sheet, row lcb0). Negative is AFT.","LCB_pct = 100 * lcb0 / lwl0. Sign UNCHANGED: the source is already positive-forward. VERIFIED rather than assumed -- LCF is tabulated in the same units and sits further aft than LCB on every model, which is only true of a yacht canoe body if negative means aft.",19.739497254364466,0.0,"wide,deep_draft,low_Cp",round_bilge,IN_RANGE,,True,True,0.00032093780167086194,0.16366262906429946,8.97607820153892,0.496123,1.0,"independent: offsets read from the published geometry, hydrostatics by benchmarks/e5_hydro.py which imports no part of the kernel under test","Fin-keel sailing yacht CANOE BODIES, appendages removed. Every model normalises to LWL = 10.000 m at full scale, so this family supplies NO length diversity whatever -- it varies beam, draft and prism","DSYHS hydrostatics, DOI 10.4121/21501375.v1",-1.0517961321308351,-0.42464785886137996,0.6300218560313373,0.2568054441507518,-1.2519570552755501
dsyhs_17,Delft Systematic Yacht Hull Series,Delft Systematic Yacht Hull Series Geometries data,"Delft University of Technology, Ship Hydromechanics Laboratory",https://data.4tu.nl/articles/dataset/Delft_Systematic_Yacht_Hull_Series_Geometries_data/21501330,CC0,"3D IGES NURBS surfaces, one per model, model scale, millimetres",extracted from the published geometry,10.039928452291154,3.179814,3.169826,0.7468160110000001,2.048652,0.5984197711206152,0.3818151789374334,0.638039044436044,0.7129206877096661,0.12114541295776475,"percent of LWL, POSITIVE FORWARD of amidships","metres from 1/2 waterline length, upright condition (4TU hydrostatics 'Info' sheet, row lcb0). Negative is AFT.","LCB_pct = 100 * lcb0 / lwl0. Sign UNCHANGED: the source is already positive-forward. VERIFIED rather than assumed -- LCF is tabulated in the same units and sits further aft than LCB on every model, which is only true of a yacht canoe body if negative means aft.",13.91073327211495,0.0,"wide,moderate_draft,moderate_Cp",round_bilge,IN_RANGE,,True,True,0.0001816698824610441,0.13553537202504176,7.439101570478028,0.702607,1.0,"independent: offsets read from the published geometry, hydrostatics by benchmarks/e5_hydro.py which imports no part of the kernel under test","Fin-keel sailing yacht CANOE BODIES, appendages removed. Every model normalises to LWL = 10.000 m at full scale, so this family supplies NO length diversity whatever -- it varies beam, draft and prism","DSYHS hydrostatics, DOI 10.4121/21501375.v1",-0.6947397315763201,0.008713439948134314,0.3992754341712267,0.3095795330136976,-1.0982821452687166
dsyhs_18,Delft Systematic Yacht Hull Series,Delft Systematic Yacht Hull Series Geometries data,"Delft University of Technology, Ship Hydromechanics Laboratory",https://data.4tu.nl/articles/dataset/Delft_Systematic_Yacht_Hull_Series_Geometries_data/21501330,CC0,"3D IGES NURBS surfaces, one per model, model scale, millimetres",extracted from the published geometry,10.036662303764071,3.179334,3.151772,0.7468780110000001,2.071402,0.6035945759364761,0.38193963715562756,0.6327751314912808,0.7032015077961047,-4.828849142064523,"percent of LWL, POSITIVE FORWARD of amidships","metres from 1/2 waterline length, upright condition (4TU hydrostatics 'Info' sheet, row lcb0). Negative is AFT.","LCB_pct = 100 * lcb0 / lwl0. Sign UNCHANGED: the source is already positive-forward. VERIFIED rather than assumed -- LCF is tabulated in the same units and sits further aft than LCB on every model, which is only true of a yacht canoe body if negative means aft.",14.024126148931112,2.018539162141315e-12,"wide,moderate_draft,moderate_Cp",round_bilge,OUT_OF_RANGE,"lcb=-4.8288 outside [-3,3] by 30.5% of the box",True,True,0.00038037915880018147,0.1287562300436481,7.060540591545863,0.71231,1.0,"independent: offsets read from the published geometry, hydrostatics by benchmarks/e5_hydro.py which imports no part of the kernel under test","Fin-keel sailing yacht CANOE BODIES, appendages removed. Every model normalises to LWL = 10.000 m at full scale, so this family supplies NO length diversity whatever -- it varies beam, draft and prism","DSYHS hydrostatics, DOI 10.4121/21501375.v1",-0.723110074915496,0.7856763025899505,0.36661788924863403,0.29447379162117815,-1.856835009836653
dsyhs_19,Delft Systematic Yacht Hull Series,Delft Systematic Yacht Hull Series Geometries data,"Delft University of Technology, Ship Hydromechanics Laboratory",https://data.4tu.nl/articles/dataset/Delft_Systematic_Yacht_Hull_Series_Geometries_data/21501330,CC0,"3D IGES NURBS surfaces, one per model, model scale, millimetres",extracted from the published geometry,10.064245,3.175646,3.165588,0.8446300130000001,2.0118310000000004,0.5267392786710103,0.3356366341246524,0.6371968974318386,0.6506072406342661,0.21117434351906908,"percent of LWL, POSITIVE FORWARD of amidships","metres from 1/2 waterline length, upright condition (4TU hydrostatics 'Info' sheet, row lcb0). Negative is AFT.","LCB_pct = 100 * lcb0 / lwl0. Sign UNCHANGED: the source is already positive-forward. VERIFIED rather than assumed -- LCF is tabulated in the same units and sits further aft than LCB on every model, which is only true of a yacht canoe body if negative means aft.",15.794968336808424,9.127510782716645e-14,"wide,moderate_draft,low_Cp",round_bilge,IN_RANGE,,True,True,0.0024947681063864913,0.1788289953820491,9.827804736588243,0.61205,1.0,"independent: offsets read from the published geometry, hydrostatics by benchmarks/e5_hydro.py which imports no part of the kernel under test","Fin-keel sailing yacht CANOE BODIES, appendages removed. Every model normalises to LWL = 10.000 m at full scale, so this family supplies NO length diversity whatever -- it varies beam, draft and prism","DSYHS hydrostatics, DOI 10.4121/21501375.v1",-1.2270912605767834,-0.6011248452339667,0.6424506069907737,0.1781328992029018,-1.2640815187526653
dsyhs_20,Delft Systematic Yacht Hull Series,Delft Systematic Yacht Hull Series Geometries data,"Delft University of Technology, Ship Hydromechanics Laboratory",https://data.4tu.nl/articles/dataset/Delft_Systematic_Yacht_Hull_Series_Geometries_data/21501330,CC0,"3D IGES NURBS surfaces, one per model, model scale, millimetres",extracted from the published geometry,10.06479,3.180274,3.180274,0.844593013,2.0221899999999997,0.5267255597137359,0.33607353790906686,0.6380429650911866,0.6385850308719989,-4.786301399929044,"percent of LWL, POSITIVE FORWARD of amidships","metres from 1/2 waterline length, upright condition (4TU hydrostatics 'Info' sheet, row lcb0). Negative is AFT.","LCB_pct = 100 * lcb0 / lwl0. Sign UNCHANGED: the source is already positive-forward. VERIFIED rather than assumed -- LCF is tabulated in the same units and sits further aft than LCB on every model, which is only true of a yacht canoe body if negative means aft.",16.361816170877404,0.0,"wide,moderate_draft,low_Cp",round_bilge,OUT_OF_RANGE,"lcb=-4.7863 outside [-3,3] by 29.8% of the box",True,True,0.00319658782443355,0.1682387670935858,9.234709406616489,0.615753,1.0,"independent: offsets read from the published geometry, hydrostatics by benchmarks/e5_hydro.py which imports no part of the kernel under test","Fin-keel sailing yacht CANOE BODIES, appendages removed. Every model normalises to LWL = 10.000 m at full scale, so this family supplies NO length diversity whatever -- it varies beam, draft and prism","DSYHS hydrostatics, DOI 10.4121/21501375.v1",-0.9101114051240253,-0.6177555946177986,0.6478879594223979,0.3240848559961077,-0.9359968298401244
dsyhs_21,Delft Systematic Yacht Hull Series,Delft Systematic Yacht Hull Series Geometries data,"Delft University of Technology, Ship Hydromechanics Laboratory",https://data.4tu.nl/articles/dataset/Delft_Systematic_Yacht_Hull_Series_Geometries_data/21501330,CC0,"3D IGES NURBS surfaces, one per model, model scale, millimetres",extracted from the published geometry,10.039711853278012,2.86073,2.859402,0.68395701,1.828317,0.5983628920625484,0.3820191392589842,0.6384405589427004,0.7075163544692674,-2.1700774470747373,"percent of LWL, POSITIVE FORWARD of amidships","metres from 1/2 waterline length, upright condition (4TU hydrostatics 'Info' sheet, row lcb0). Negative is AFT.","LCB_pct = 100 * lcb0 / lwl0. Sign UNCHANGED: the source is already positive-forward. VERIFIED rather than assumed -- LCF is tabulated in the same units and sits further aft than LCB on every model, which is only true of a yacht canoe body if negative means aft.",13.506764409071138,0.0,"wide,moderate_draft,moderate_Cp",round_bilge,IN_RANGE,,True,True,0.0005361121712259553,0.1055460607794209,6.4356098405043864,0.525424,1.0,"independent: offsets read from the published geometry, hydrostatics by benchmarks/e5_hydro.py which imports no part of the kernel under test","Fin-keel sailing yacht CANOE BODIES, appendages removed. Every model normalises to LWL = 10.000 m at full scale, so this family supplies NO length diversity whatever -- it varies beam, draft and prism","DSYHS hydrostatics, DOI 10.4121/21501375.v1",-0.4993349276002041,0.0446068800034986,0.39711645584254474,0.37646983745737306,-0.9370943801758128
dsyhs_22,Delft Systematic Yacht Hull Series,Delft Systematic Yacht Hull Series Geometries data,"Delft University of Technology, Ship Hydromechanics Laboratory",https://data.4tu.nl/articles/dataset/Delft_Systematic_Yacht_Hull_Series_Geometries_data/21501330,CC0,"3D IGES NURBS surfaces, one per model, model scale, millimetres",extracted from the published geometry,10.040158,3.665074,3.66323,0.864905013,2.023476,0.5983322454170333,0.38200666573619346,0.6384524127893818,0.7074564543835308,-2.17006617206692,"percent of LWL, POSITIVE FORWARD of amidships","metres from 1/2 waterline length, upright condition (4TU hydrostatics 'Info' sheet, row lcb0). Negative is AFT.","LCB_pct = 100 * lcb0 / lwl0. Sign UNCHANGED: the source is already positive-forward. VERIFIED rather than assumed -- LCF is tabulated in the same units and sits further aft than LCB on every model, which is only true of a yacht canoe body if negative means aft.",13.335680036909656,2.002118331667361e-12,"wide,moderate_draft,moderate_Cp",round_bilge,IN_RANGE,,True,True,0.0003650242464234843,0.1354746781533914,6.449553548126537,0.691648,1.0,"independent: offsets read from the published geometry, hydrostatics by benchmarks/e5_hydro.py which imports no part of the kernel under test","Fin-keel sailing yacht CANOE BODIES, appendages removed. Every model normalises to LWL = 10.000 m at full scale, so this family supplies NO length diversity whatever -- it varies beam, draft and prism","DSYHS hydrostatics, DOI 10.4121/21501375.v1",-0.8481223429260203,-0.11539433284315166,0.40157680269546403,0.13862273063893604,-1.1306110445116582
dsyhs_23,Delft Systematic Yacht Hull Series,Delft Systematic Yacht Hull Series Geometries data,"Delft University of Technology, Ship Hydromechanics Laboratory",https://data.4tu.nl/articles/dataset/Delft_Systematic_Yacht_Hull_Series_Geometries_data/21501330,CC0,"3D IGES NURBS surfaces, one per model, model scale, millimetres",extracted from the published geometry,10.030247034108724,2.866308,2.857874,0.703963,1.73702,0.5448036534384316,0.3919480255622429,0.7194298773301766,0.6729783138931991,-1.968180764140625,"percent of LWL, POSITIVE FORWARD of amidships","metres from 1/2 waterline length, upright condition (4TU hydrostatics 'Info' sheet, row lcb0). Negative is AFT.","LCB_pct = 100 * lcb0 / lwl0. Sign UNCHANGED: the source is already positive-forward. VERIFIED rather than assumed -- LCF is tabulated in the same units and sits further aft than LCB on every model, which is only true of a yacht canoe body if negative means aft.",8.337753675778593,0.0,"wide,moderate_draft,low_Cp",round_bilge,IN_RANGE,,True,True,0.002972657741624918,0.11604274757902942,7.245068929481464,0.5174288602591499,1.0,"independent: offsets read from the published geometry, hydrostatics by benchmarks/e5_hydro.py which imports no part of the kernel under test","Fin-keel sailing yacht CANOE BODIES, appendages removed. Every model normalises to LWL = 10.000 m at full scale, so this family supplies NO length diversity whatever -- it varies beam, draft and prism","DSYHS hydrostatics, DOI 10.4121/21501375.v1",-0.7935268103672488,-0.4554676915421863,0.3024755531059675,-0.47542171318293425,-0.6401451844583699
dsyhs_24,Delft Systematic Yacht Hull Series,Delft Systematic Yacht Hull Series Geometries data,"Delft University of Technology, Ship Hydromechanics Laboratory",https://data.4tu.nl/articles/dataset/Delft_Systematic_Yacht_Hull_Series_Geometries_data/21501330,CC0,"3D IGES NURBS surfaces, one per model, model scale, millimetres",extracted from the published geometry,10.001686,2.8536,2.833582,0.26088100000000003,1.309911,0.5454714846120502,0.40108172332894815,0.7352936581354115,0.671046407574106,-2.0065962256769687,"percent of LWL, POSITIVE FORWARD of amidships","metres from 1/2 waterline length, upright condition (4TU hydrostatics 'Info' sheet, row lcb0). Negative is AFT.","LCB_pct = 100 * lcb0 / lwl0. Sign UNCHANGED: the source is already positive-forward. VERIFIED rather than assumed -- LCF is tabulated in the same units and sits further aft than LCB on every model, which is only true of a yacht canoe body if negative means aft.",3.3361953272769123,0.0,"wide,shallow_draft,low_Cp",round_bilge,IN_RANGE,,True,True,0.0017302068386846337,0.11658229286284282,7.068579446156517,0.6582793506998441,1.0,"independent: offsets read from the published geometry, hydrostatics by benchmarks/e5_hydro.py which imports no part of the kernel under test","Fin-keel sailing yacht CANOE BODIES, appendages removed. Every model normalises to LWL = 10.000 m at full scale, so this family supplies NO length diversity whatever -- it varies beam, draft and prism","DSYHS hydrostatics, DOI 10.4121/21501375.v1",-0.3883813344905721,0.4336992216463014,0.016856065285502098,-0.22380221594520341,-0.8352458710125328
dsyhs_25,Delft Systematic Yacht Hull Series,Delft Systematic Yacht Hull Series Geometries data,"Delft University of Technology, Ship Hydromechanics Laboratory",https://data.4tu.nl/articles/dataset/Delft_Systematic_Yacht_Hull_Series_Geometries_data/21501330,CC0,"3D IGES NURBS surfaces, one per model, model scale, millimetres",extracted from the published geometry,10.00484627135766,2.484338,2.472392,0.463046,1.4611519999999998,0.5472078475669667,0.3978269544466083,0.7270125167529191,0.6725553697074163,-2.0157282351896746,"percent of LWL, POSITIVE FORWARD of amidships","metres from 1/2 waterline length, upright condition (4TU hydrostatics 'Info' sheet, row lcb0). Negative is AFT.","LCB_pct = 100 * lcb0 / lwl0. Sign UNCHANGED: the source is already positive-forward. VERIFIED rather than assumed -- LCF is tabulated in the same units and sits further aft than LCB on every model, which is only true of a yacht canoe body if negative means aft.",6.676716607093516,0.0,"moderate_LB,shallow_draft,low_Cp",round_bilge,IN_RANGE,,True,True,0.0015058376626551073,0.09491646645392231,6.765728048801898,0.49569543531521065,1.0,"independent: offsets read from the published geometry, hydrostatics by benchmarks/e5_hydro.py which imports no part of the kernel under test","Fin-keel sailing yacht CANOE BODIES, appendages removed. Every model normalises to LWL = 10.000 m at full scale, so this family supplies NO length diversity whatever -- it varies beam, draft and prism","DSYHS hydrostatics, DOI 10.4121/21501375.v1",-0.9588820391306216,-0.21711389650089877,0.04846305095471237,-0.6264441492530182,-0.7914616130437314
dsyhs_26,Delft Systematic Yacht Hull Series,Delft Systematic Yacht Hull Series Geometries data,"Delft University of Technology, Ship Hydromechanics Laboratory",https://data.4tu.nl/articles/dataset/Delft_Systematic_Yacht_Hull_Series_Geometries_data/21501330,CC0,"3D IGES NURBS surfaces, one per model, model scale, millimetres",extracted from the published geometry,10.013277,2.49445,2.479814,0.193227,1.141866,0.5429987816065387,0.40391875892826984,0.7438667868336998,0.670012166092604,-1.9667891911878956,"percent of LWL, POSITIVE FORWARD of amidships","metres from 1/2 waterline length, upright condition (4TU hydrostatics 'Info' sheet, row lcb0). Negative is AFT.","LCB_pct = 100 * lcb0 / lwl0. Sign UNCHANGED: the source is already positive-forward. VERIFIED rather than assumed -- LCF is tabulated in the same units and sits further aft than LCB on every model, which is only true of a yacht canoe body if negative means aft.",2.59159879643585,0.0,"moderate_LB,shallow_draft,low_Cp",round_bilge,IN_RANGE,,True,True,0.001901474940003034,0.10416476326341641,7.134782960280091,0.5653452815711226,1.0,"independent: offsets read from the published geometry, hydrostatics by benchmarks/e5_hydro.py which imports no part of the kernel under test","Fin-keel sailing yacht CANOE BODIES, appendages removed. Every model normalises to LWL = 10.000 m at full scale, so this family supplies NO length diversity whatever -- it varies beam, draft and prism","DSYHS hydrostatics, DOI 10.4121/21501375.v1",-1.2934886287475902,0.07672566399989116,0.13276460426419945,-0.381363002887422,-1.4999370115626174
dsyhs_27,Delft Systematic Yacht Hull Series,Delft Systematic Yacht Hull Series Geometries data,"Delft University of Technology, Ship Hydromechanics Laboratory",https://data.4tu.nl/articles/dataset/Delft_Systematic_Yacht_Hull_Series_Geometries_data/21501330,CC0,"3D IGES NURBS surfaces, one per model, model scale, millimetres",extracted from the published geometry,10.038024832288578,2.227494,2.216878,0.903472,1.750735,0.5435267427808602,0.3907276863417021,0.7188748144067607,0.6714860788291583,-2.0357782242120392,"percent of LWL, POSITIVE FORWARD of amidships","metres from 1/2 waterline length, upright condition (4TU hydrostatics 'Info' sheet, row lcb0). Negative is AFT.","LCB_pct = 100 * lcb0 / lwl0. Sign UNCHANGED: the source is already positive-forward. VERIFIED rather than assumed -- LCF is tabulated in the same units and sits further aft than LCB on every model, which is only true of a yacht canoe body if negative means aft.",15.485848150863074,0.0,"moderate_LB,deep_draft,low_Cp",round_bilge,IN_RANGE,,True,True,0.0007612938282042236,0.091663015679928,7.418034122152211,0.2859589937175643,1.0,"independent: offsets read from the published geometry, hydrostatics by benchmarks/e5_hydro.py which imports no part of the kernel under test","Fin-keel sailing yacht CANOE BODIES, appendages removed. Every model normalises to LWL = 10.000 m at full scale, so this family supplies NO length diversity whatever -- it varies beam, draft and prism","DSYHS hydrostatics, DOI 10.4121/21501375.v1",-0.6893440697291194,-0.49932893546155416,0.380264860500823,0.15706883909859512,-0.5690695850591551
dsyhs_28,Delft Systematic Yacht Hull Series,Delft Systematic Yacht Hull Series Geometries data,"Delft University of Technology, Ship Hydromechanics Laboratory",https://data.4tu.nl/articles/dataset/Delft_Systematic_Yacht_Hull_Series_Geometries_data/21501330,CC0,"3D IGES NURBS surfaces, one per model, model scale, millimetres",extracted from the published geometry,10.000298,2.219592,2.202482,0.328454,1.323459,0.545630478490464,0.3987962564846653,0.7308907258772845,0.6700940079275752,-2.1070299171403257,"percent of LWL, POSITIVE FORWARD of amidships","metres from 1/2 waterline length, upright condition (4TU hydrostatics 'Info' sheet, row lcb0). Negative is AFT.","LCB_pct = 100 * lcb0 / lwl0. Sign UNCHANGED: the source is already positive-forward. VERIFIED rather than assumed -- LCF is tabulated in the same units and sits further aft than LCB on every model, which is only true of a yacht canoe body if negative means aft.",5.763129642110748,0.0,"moderate_LB,shallow_draft,low_Cp",round_bilge,IN_RANGE,,True,True,0.002614943966272154,0.08499862816765558,6.676812561380973,0.4727458208283593,1.0,"independent: offsets read from the published geometry, hydrostatics by benchmarks/e5_hydro.py which imports no part of the kernel under test","Fin-keel sailing yacht CANOE BODIES, appendages removed. Every model normalises to LWL = 10.000 m at full scale, so this family supplies NO length diversity whatever -- it varies beam, draft and prism","DSYHS hydrostatics, DOI 10.4121/21501375.v1",-0.6001195324976899,0.3586928283448616,0.0029842348005892916,-0.10838910404356103,-0.958341097360121
dsyhs_29,Delft Systematic Yacht Hull Series,Delft Systematic Yacht Hull Series Geometries data,"Delft University of Technology, Ship Hydromechanics Laboratory",https://data.4tu.nl/articles/dataset/Delft_Systematic_Yacht_Hull_Series_Geometries_data/21501330,CC0,"3D IGES NURBS surfaces, one per model, model scale, millimetres",extracted from the published geometry,10.04512215759867,2.51112,2.489118,0.229912,1.3467589999999998,0.5487990855889723,0.41030448894775134,0.747640620624234,0.6676927627360754,-4.489244966517751,"percent of LWL, POSITIVE FORWARD of amidships","metres from 1/2 waterline length, upright condition (4TU hydrostatics 'Info' sheet, row lcb0). Negative is AFT.","LCB_pct = 100 * lcb0 / lwl0. Sign UNCHANGED: the source is already positive-forward. VERIFIED rather than assumed -- LCF is tabulated in the same units and sits further aft than LCB on every model, which is only true of a yacht canoe body if negative means aft.",3.523887320299488,0.0,"moderate_LB,shallow_draft,low_Cp",round_bilge,OUT_OF_RANGE,"lcb=-4.4892 outside [-3,3] by 24.8% of the box",True,True,0.001924436170699373,0.07909426529535506,5.324424001319089,0.49865816285283554,1.0,"independent: offsets read from the published geometry, hydrostatics by benchmarks/e5_hydro.py which imports no part of the kernel under test","Fin-keel sailing yacht CANOE BODIES, appendages removed. Every model normalises to LWL = 10.000 m at full scale, so this family supplies NO length diversity whatever -- it varies beam, draft and prism","DSYHS hydrostatics, DOI 10.4121/21501375.v1",0.31732474249251363,-0.05009069209523862,0.4512076891783323,0.4448121437455299,-0.0832325696685668
dsyhs_30,Delft Systematic Yacht Hull Series,Delft Systematic Yacht Hull Series Geometries data,"Delft University of Technology, Ship Hydromechanics Laboratory",https://data.4tu.nl/articles/dataset/Delft_Systematic_Yacht_Hull_Series_Geometries_data/21501330,CC0,"3D IGES NURBS surfaces, one per model, model scale, millimetres",extracted from the published geometry,9.993014345530744,2.497648,2.477432,0.35275399999999996,1.385953,0.547974236812533,0.4097842914642437,0.7478167109605094,0.6676149942174033,-4.378692268032654,"percent of LWL, POSITIVE FORWARD of amidships","metres from 1/2 waterline length, upright condition (4TU hydrostatics 'Info' sheet, row lcb0). Negative is AFT.","LCB_pct = 100 * lcb0 / lwl0. Sign UNCHANGED: the source is already positive-forward. VERIFIED rather than assumed -- LCF is tabulated in the same units and sits further aft than LCB on every model, which is only true of a yacht canoe body if negative means aft.",5.368146768512907,0.0,"moderate_LB,shallow_draft,low_Cp",round_bilge,OUT_OF_RANGE,"lcb=-4.3787 outside [-3,3] by 23.0% of the box",True,True,0.0008736933147419634,0.07485198235178624,5.141007002970938,0.5001313657684221,1.0,"independent: offsets read from the published geometry, hydrostatics by benchmarks/e5_hydro.py which imports no part of the kernel under test","Fin-keel sailing yacht CANOE BODIES, appendages removed. Every model normalises to LWL = 10.000 m at full scale, so this family supplies NO length diversity whatever -- it varies beam, draft and prism","DSYHS hydrostatics, DOI 10.4121/21501375.v1",-0.9089766323302928,-0.2178244681392135,-0.06987163766273952,-0.09404398795684443,-0.6232247689078558
dsyhs_31,Delft Systematic Yacht Hull Series,Delft Systematic Yacht Hull Series Geometries data,"Delft University of Technology, Ship Hydromechanics Laboratory",https://data.4tu.nl/articles/dataset/Delft_Systematic_Yacht_Hull_Series_Geometries_data/21501330,CC0,"3D IGES NURBS surfaces, one per model, model scale, millimetres",extracted from the published geometry,10.054067,2.505462,2.482468,0.15790200000000001,1.215729,0.5474425654008814,0.4107292638782613,0.7502691420742783,0.6674939433106901,-4.515154303048787,"percent of LWL, POSITIVE FORWARD of amidships","metres from 1/2 waterline length, upright condition (4TU hydrostatics 'Info' sheet, row lcb0). Negative is AFT.","LCB_pct = 100 * lcb0 / lwl0. Sign UNCHANGED: the source is already positive-forward. VERIFIED rather than assumed -- LCF is tabulated in the same units and sits further aft than LCB on every model, which is only true of a yacht canoe body if negative means aft.",2.3563104646510022,0.0,"moderate_LB,shallow_draft,low_Cp",round_bilge,OUT_OF_RANGE,"lcb=-4.5152 outside [-3,3] by 25.3% of the box",True,True,0.0015811725398342524,0.0847800193799214,5.6938396255634,0.555837030758652,1.0,"independent: offsets read from the published geometry, hydrostatics by benchmarks/e5_hydro.py which imports no part of the kernel under test","Fin-keel sailing yacht CANOE BODIES, appendages removed. Every model normalises to LWL = 10.000 m at full scale, so this family supplies NO length diversity whatever -- it varies beam, draft and prism","DSYHS hydrostatics, DOI 10.4121/21501375.v1",0.2886500219935747,-0.19005556143178406,0.5406583202849724,0.21845051938573334,-0.06071294823736943
dsyhs_32,Delft Systematic Yacht Hull Series,Delft Systematic Yacht Hull Series Geometries data,"Delft University of Technology, Ship Hydromechanics Laboratory",https://data.4tu.nl/articles/dataset/Delft_Systematic_Yacht_Hull_Series_Geometries_data/21501330,CC0,"3D IGES NURBS surfaces, one per model, model scale, millimetres",extracted from the published geometry,10.051775,2.512136,2.497494,0.229855,1.030828,0.551445615153967,0.4115777284826212,0.7463614129340861,0.682307885868229,-2.1321698340242277,"percent of LWL, POSITIVE FORWARD of amidships","metres from 1/2 waterline length, upright condition (4TU hydrostatics 'Info' sheet, row lcb0). Negative is AFT.","LCB_pct = 100 * lcb0 / lwl0. Sign UNCHANGED: the source is already positive-forward. VERIFIED rather than assumed -- LCF is tabulated in the same units and sits further aft than LCB on every model, which is only true of a yacht canoe body if negative means aft.",3.4553461971775357,0.0,"moderate_LB,shallow_draft,low_Cp",round_bilge,IN_RANGE,,True,True,0.001370777306314963,0.10480988999879277,7.102967038619605,0.56614615307252,1.0,"independent: offsets read from the published geometry, hydrostatics by benchmarks/e5_hydro.py which imports no part of the kernel under test","Fin-keel sailing yacht CANOE BODIES, appendages removed. Every model normalises to LWL = 10.000 m at full scale, so this family supplies NO length diversity whatever -- it varies beam, draft and prism","DSYHS hydrostatics, DOI 10.4121/21501375.v1",0.7110385532167456,0.4319077530871801,0.5177505842719832,0.48545940229589135,-0.2385849122985372
dsyhs_33,Delft Systematic Yacht Hull Series,Delft Systematic Yacht Hull Series Geometries data,"Delft University of Technology, Ship Hydromechanics Laboratory",https://data.4tu.nl/articles/dataset/Delft_Systematic_Yacht_Hull_Series_Geometries_data/21501330,CC0,"3D IGES NURBS surfaces, one per model, model scale, millimetres",extracted from the published geometry,10.056442,2.513612,2.490208,0.22972700000000001,1.2778500000000002,0.5448548422049855,0.4102613525018942,0.7529736743122226,0.6541033787962738,-6.720326035933192,"percent of LWL, POSITIVE FORWARD of amidships","metres from 1/2 waterline length, upright condition (4TU hydrostatics 'Info' sheet, row lcb0). Negative is AFT.","LCB_pct = 100 * lcb0 / lwl0. Sign UNCHANGED: the source is already positive-forward. VERIFIED rather than assumed -- LCF is tabulated in the same units and sits further aft than LCB on every model, which is only true of a yacht canoe body if negative means aft.",4.165948353686299,0.0,"moderate_LB,shallow_draft,low_Cp",round_bilge,OUT_OF_RANGE,"lcb=-6.7203 outside [-3,3] by 62.0% of the box",True,True,0.0017403605373900177,0.06722828500017765,4.52742857990665,0.45037407753775777,1.0,"independent: offsets read from the published geometry, hydrostatics by benchmarks/e5_hydro.py which imports no part of the kernel under test","Fin-keel sailing yacht CANOE BODIES, appendages removed. Every model normalises to LWL = 10.000 m at full scale, so this family supplies NO length diversity whatever -- it varies beam, draft and prism","DSYHS hydrostatics, DOI 10.4121/21501375.v1",0.43858014418724284,-0.7684186704648155,0.5644178726458371,0.54444096449771,0.6482686234917936
dsyhs_34,Delft Systematic Yacht Hull Series,Delft Systematic Yacht Hull Series Geometries data,"Delft University of Technology, Ship Hydromechanics Laboratory",https://data.4tu.nl/articles/dataset/Delft_Systematic_Yacht_Hull_Series_Geometries_data/21501330,CC0,"3D IGES NURBS surfaces, one per model, model scale, millimetres",extracted from the published geometry,9.99311,2.499774,2.48298,0.24076899999999998,1.276247,0.5207171601794641,0.38899925730366935,0.7470452042901784,0.6484200292363161,-4.539375255868271,"percent of LWL, POSITIVE FORWARD of amidships","metres from 1/2 waterline length, upright condition (4TU hydrostatics 'Info' sheet, row lcb0). Negative is AFT.","LCB_pct = 100 * lcb0 / lwl0. Sign UNCHANGED: the source is already positive-forward. VERIFIED rather than assumed -- LCF is tabulated in the same units and sits further aft than LCB on every model, which is only true of a yacht canoe body if negative means aft.",3.4271431505859082,0.0,"wide,shallow_draft,low_Cp",round_bilge,OUT_OF_RANGE,"Cp=0.5207 outside [0.525,0.71] by 2.3% of the box; lcb=-4.5394 outside [-3,3] by 25.7% of the box",True,True,0.0023321840303194286,0.09078758255061871,6.132849925971424,0.5898202957383551,1.0,"independent: offsets read from the published geometry, hydrostatics by benchmarks/e5_hydro.py which imports no part of the kernel under test","Fin-keel sailing yacht CANOE BODIES, appendages removed. Every model normalises to LWL = 10.000 m at full scale, so this family supplies NO length diversity whatever -- it varies beam, draft and prism","DSYHS hydrostatics, DOI 10.4121/21501375.v1",-1.654084371915386,-0.19038394364885558,-0.06889648523294767,-0.009023112396420174,-1.398559467403738
dsyhs_35,Delft Systematic Yacht Hull Series,Delft Systematic Yacht Hull Series Geometries data,"Delft University of Technology, Ship Hydromechanics Laboratory",https://data.4tu.nl/articles/dataset/Delft_Systematic_Yacht_Hull_Series_Geometries_data/21501330,CC0,"3D IGES NURBS surfaces, one per model, model scale, millimetres",extracted from the published geometry,10.011458,2.498978,2.473296,0.217944,1.256348,0.5792994900541173,0.4352918510163006,0.751410727075966,0.6889305713440933,-4.430654888847827,"percent of LWL, POSITIVE FORWARD of amidships","metres from 1/2 waterline length, upright condition (4TU hydrostatics 'Info' sheet, row lcb0). Negative is AFT.","LCB_pct = 100 * lcb0 / lwl0. Sign UNCHANGED: the source is already positive-forward. VERIFIED rather than assumed -- LCF is tabulated in the same units and sits further aft than LCB on every model, which is only true of a yacht canoe body if negative means aft.",3.3434039086423764,0.0,"moderate_LB,shallow_draft,moderate_Cp",round_bilge,OUT_OF_RANGE,"lcb=-4.4307 outside [-3,3] by 23.8% of the box",True,True,0.0010078431058602177,0.06710166152773599,4.555924560084842,0.435700956784869,1.0,"independent: offsets read from the published geometry, hydrostatics by benchmarks/e5_hydro.py which imports no part of the kernel under test","Fin-keel sailing yacht CANOE BODIES, appendages removed. Every model normalises to LWL = 10.000 m at full scale, so this family supplies NO length diversity whatever -- it varies beam, draft and prism","DSYHS hydrostatics, DOI 10.4121/21501375.v1",-0.9813161802428783,-0.18745182389977383,0.1145679349652795,-0.04090342495031152,-0.9088819120212979
dsyhs_36,Delft Systematic Yacht Hull Series,Delft Systematic Yacht Hull Series Geometries data,"Delft University of Technology, Ship Hydromechanics Laboratory",https://data.4tu.nl/articles/dataset/Delft_Systematic_Yacht_Hull_Series_Geometries_data/21501330,CC0,"3D IGES NURBS surfaces, one per model, model scale, millimetres",extracted from the published geometry,10.03599,2.510326,2.47909,0.245734,1.2908389999999998,0.5500074366469275,0.3835917072824277,0.6974300377117828,0.6587770842488125,-4.393122239860879,"percent of LWL, POSITIVE FORWARD of amidships","metres from 1/2 waterline length, upright condition (4TU hydrostatics 'Info' sheet, row lcb0). Negative is AFT.","LCB_pct = 100 * lcb0 / lwl0. Sign UNCHANGED: the source is already positive-forward. VERIFIED rather than assumed -- LCF is tabulated in the same units and sits further aft than LCB on every model, which is only true of a yacht canoe body if negative means aft.",3.3087286228703663,0.0,"wide,shallow_draft,low_Cp",round_bilge,OUT_OF_RANGE,"lcb=-4.3931 outside [-3,3] by 23.2% of the box",True,True,0.0015974891623002918,0.0914109219606194,5.976792804684841,0.5748595400257621,1.0,"independent: offsets read from the published geometry, hydrostatics by benchmarks/e5_hydro.py which imports no part of the kernel under test","Fin-keel sailing yacht CANOE BODIES, appendages removed. Every model normalises to LWL = 10.000 m at full scale, so this family supplies NO length diversity whatever -- it varies beam, draft and prism","DSYHS hydrostatics, DOI 10.4121/21501375.v1",-1.0092609396372705,-0.269583721151214,0.35990140873062515,0.4130526042745508,-1.0976276892338936
dsyhs_37,Delft Systematic Yacht Hull Series,Delft Systematic Yacht Hull Series Geometries data,"Delft University of Technology, Ship Hydromechanics Laboratory",https://data.4tu.nl/articles/dataset/Delft_Systematic_Yacht_Hull_Series_Geometries_data/21501330,CC0,"3D IGES NURBS surfaces, one per model, model scale, millimetres",extracted from the published geometry,10.032583,2.507416,2.49202,0.264792,1.3197809999999999,0.5519329937891223,0.358058844137738,0.6487360751521624,0.6507378053892259,-4.530778422334619,"percent of LWL, POSITIVE FORWARD of amidships","metres from 1/2 waterline length, upright condition (4TU hydrostatics 'Info' sheet, row lcb0). Negative is AFT.","LCB_pct = 100 * lcb0 / lwl0. Sign UNCHANGED: the source is already positive-forward. VERIFIED rather than assumed -- LCF is tabulated in the same units and sits further aft than LCB on every model, which is only true of a yacht canoe body if negative means aft.",4.649214705893941,0.0,"moderate_LB,shallow_draft,low_Cp",round_bilge,OUT_OF_RANGE,"lcb=-4.5308 outside [-3,3] by 25.5% of the box",True,True,0.0024051005040979234,0.10688739849404745,6.614282376771878,0.5925416353362079,1.0,"independent: offsets read from the published geometry, hydrostatics by benchmarks/e5_hydro.py which imports no part of the kernel under test","Fin-keel sailing yacht CANOE BODIES, appendages removed. Every model normalises to LWL = 10.000 m at full scale, so this family supplies NO length diversity whatever -- it varies beam, draft and prism","DSYHS hydrostatics, DOI 10.4121/21501375.v1",-0.622713694991214,0.03786670784956931,0.3258220270092771,0.29666984117916684,-0.9829497177871468
dsyhs_38,Delft Systematic Yacht Hull Series,Delft Systematic Yacht Hull Series Geometries data,"Delft University of Technology, Ship Hydromechanics Laboratory",https://data.4tu.nl/articles/dataset/Delft_Systematic_Yacht_Hull_Series_Geometries_data/21501330,CC0,"3D IGES NURBS surfaces, one per model, model scale, millimetres",extracted from the published geometry,9.981775180721785,3.348766,3.317388,0.171873,1.2306560000000002,0.5476132786508274,0.4087776457488336,0.7464713908252049,0.6671003609503563,-4.5564231709761005,"percent of LWL, POSITIVE FORWARD of amidships","metres from 1/2 waterline length, upright condition (4TU hydrostatics 'Info' sheet, row lcb0). Negative is AFT.","LCB_pct = 100 * lcb0 / lwl0. Sign UNCHANGED: the source is already positive-forward. VERIFIED rather than assumed -- LCF is tabulated in the same units and sits further aft than LCB on every model, which is only true of a yacht canoe body if negative means aft.",1.9333537739341708,0.0,"wide,shallow_draft,low_Cp",round_bilge,OUT_OF_RANGE,"lcb=-4.5564 outside [-3,3] by 25.9% of the box",True,True,0.0018021958508960267,0.12674420918143997,6.379317141866891,0.7257115133270049,1.0,"independent: offsets read from the published geometry, hydrostatics by benchmarks/e5_hydro.py which imports no part of the kernel under test","Fin-keel sailing yacht CANOE BODIES, appendages removed. Every model normalises to LWL = 10.000 m at full scale, so this family supplies NO length diversity whatever -- it varies beam, draft and prism","DSYHS hydrostatics, DOI 10.4121/21501375.v1",-0.8242139837958231,0.13369310971456444,-0.1822391276972013,0.47299963856347926,-0.7758028362172911
dsyhs_39,Delft Systematic Yacht Hull Series,Delft Systematic Yacht Hull Series Geometries data,"Delft University of Technology, Ship Hydromechanics Laboratory",https://data.4tu.nl/articles/dataset/Delft_Systematic_Yacht_Hull_Series_Geometries_data/21501330,CC0,"3D IGES NURBS surfaces, one per model, model scale, millimetres",extracted from the published geometry,10.040485,2.011562,1.99383,0.286796,1.34294,0.5484174836244495,0.41046715483477203,0.7484574563925749,0.6673727878972849,-4.495791708291201,"percent of LWL, POSITIVE FORWARD of amidships","metres from 1/2 waterline length, upright condition (4TU hydrostatics 'Info' sheet, row lcb0). Negative is AFT.","LCB_pct = 100 * lcb0 / lwl0. Sign UNCHANGED: the source is already positive-forward. VERIFIED rather than assumed -- LCF is tabulated in the same units and sits further aft than LCB on every model, which is only true of a yacht canoe body if negative means aft.",5.443657449307924,0.0,"moderate_LB,shallow_draft,low_Cp",round_bilge,OUT_OF_RANGE,"lcb=-4.4958 outside [-3,3] by 24.9% of the box",True,True,0.0007087278548221221,0.06139603335851369,5.191504776113619,0.4201327880313887,1.0,"independent: offsets read from the published geometry, hydrostatics by benchmarks/e5_hydro.py which imports no part of the kernel under test","Fin-keel sailing yacht CANOE BODIES, appendages removed. Every model normalises to LWL = 10.000 m at full scale, so this family supplies NO length diversity whatever -- it varies beam, draft and prism","DSYHS hydrostatics, DOI 10.4121/21501375.v1",0.27855880674482353,-0.07748269024254333,0.4048521729386678,0.5780789001075949,-0.048338890455600456
dsyhs_42,Delft Systematic Yacht Hull Series,Delft Systematic Yacht Hull Series Geometries data,"Delft University of Technology, Ship Hydromechanics Laboratory",https://data.4tu.nl/articles/dataset/Delft_Systematic_Yacht_Hull_Series_Geometries_data/21501330,CC0,"3D IGES NURBS surfaces, one per model, model scale, millimetres",extracted from the published geometry,10.015641567985488,3.030608,2.998968,0.811584569,1.9652969999999998,0.5564445638272979,0.3925275261125631,0.7054207222597483,0.6746308983318503,-3.287301105266034,"percent of LWL, POSITIVE FORWARD of amidships","metres from 1/2 waterline length, upright condition (4TU hydrostatics 'Info' sheet, row lcb0). Negative is AFT.","LCB_pct = 100 * lcb0 / lwl0. Sign UNCHANGED: the source is already positive-forward. VERIFIED rather than assumed -- LCF is tabulated in the same units and sits further aft than LCB on every model, which is only true of a yacht canoe body if negative means aft.",11.376574476858751,1.391469010537882e-09,"wide,moderate_draft,low_Cp",round_bilge,OUT_OF_RANGE,"lcb=-3.2873 outside [-3,3] by 4.8% of the box",True,True,0.00043012801414743507,0.11848054900020566,6.71760880770399,0.608420688599772,1.0,"independent: offsets read from the published geometry, hydrostatics by benchmarks/e5_hydro.py which imports no part of the kernel under test","Fin-keel sailing yacht CANOE BODIES, appendages removed. Every model normalises to LWL = 10.000 m at full scale, so this family supplies NO length diversity whatever -- it varies beam, draft and prism","DSYHS hydrostatics, DOI 10.4121/21501375.v1",0.3081967814911874,0.4370847097958002,0.15647160201599097,0.5844451554008625,-0.2843536997035618
dsyhs_43,Delft Systematic Yacht Hull Series,Delft Systematic Yacht Hull Series Geometries data,"Delft University of Technology, Ship Hydromechanics Laboratory",https://data.4tu.nl/articles/dataset/Delft_Systematic_Yacht_Hull_Series_Geometries_data/21501330,CC0,"3D IGES NURBS surfaces, one per model, model scale, millimetres",extracted from the published geometry,9.994247613384024,3.598832,3.5609,0.570018697,1.809763,0.5563779716551674,0.39236698771140627,0.7052166111899697,0.6748937068705303,-3.3174112840252485,"percent of LWL, POSITIVE FORWARD of amidships","metres from 1/2 waterline length, upright condition (4TU hydrostatics 'Info' sheet, row lcb0). Negative is AFT.","LCB_pct = 100 * lcb0 / lwl0. Sign UNCHANGED: the source is already positive-forward. VERIFIED rather than assumed -- LCF is tabulated in the same units and sits further aft than LCB on every model, which is only true of a yacht canoe body if negative means aft.",6.687937461929858,0.0,"wide,shallow_draft,low_Cp",round_bilge,OUT_OF_RANGE,"lcb=-3.3174 outside [-3,3] by 5.3% of the box",True,True,0.0016894121684858376,0.1591193075014912,7.414326575737228,0.9185009105480995,1.0,"independent: offsets read from the published geometry, hydrostatics by benchmarks/e5_hydro.py which imports no part of the kernel under test","Fin-keel sailing yacht CANOE BODIES, appendages removed. Every model normalises to LWL = 10.000 m at full scale, so this family supplies NO length diversity whatever -- it varies beam, draft and prism","DSYHS hydrostatics, DOI 10.4121/21501375.v1",-0.4528329525219477,0.5212961528544506,-0.0574593089683946,0.19027402453276487,-0.9121421440792931
dsyhs_44,Delft Systematic Yacht Hull Series,Delft Systematic Yacht Hull Series Geometries data,"Delft University of Technology, Ship Hydromechanics Laboratory",https://data.4tu.nl/articles/dataset/Delft_Systematic_Yacht_Hull_Series_Geometries_data/21501330,CC0,"3D IGES NURBS surfaces, one per model, model scale, millimetres",extracted from the published geometry,9.999443528367072,3.019768,2.988756,0.6805796390000001,1.712341,0.5562372655605913,0.39272077182998066,0.7060310341382571,0.6745370292608415,-3.267062695124913,"percent of LWL, POSITIVE FORWARD of amidships","metres from 1/2 waterline length, upright condition (4TU hydrostatics 'Info' sheet, row lcb0). Negative is AFT.","LCB_pct = 100 * lcb0 / lwl0. Sign UNCHANGED: the source is already positive-forward. VERIFIED rather than assumed -- LCF is tabulated in the same units and sits further aft than LCB on every model, which is only true of a yacht canoe body if negative means aft.",9.623511619912433,0.0,"wide,moderate_draft,low_Cp",round_bilge,OUT_OF_RANGE,"lcb=-3.2671 outside [-3,3] by 4.5% of the box",True,True,0.0007998268405713382,0.12095004566605486,6.866991933121647,0.6741530831047349,1.0,"independent: offsets read from the published geometry, hydrostatics by benchmarks/e5_hydro.py which imports no part of the kernel under test","Fin-keel sailing yacht CANOE BODIES, appendages removed. Every model normalises to LWL = 10.000 m at full scale, so this family supplies NO length diversity whatever -- it varies beam, draft and prism","DSYHS hydrostatics, DOI 10.4121/21501375.v1",-0.20114093640429223,0.4213162431898855,-0.005497199994551502,0.22469223988987275,-0.6143822429366277
dsyhs_45,Delft Systematic Yacht Hull Series,Delft Systematic Yacht Hull Series Geometries data,"Delft University of Technology, Ship Hydromechanics Laboratory",https://data.4tu.nl/articles/dataset/Delft_Systematic_Yacht_Hull_Series_Geometries_data/21501330,CC0,"3D IGES NURBS surfaces, one per model, model scale, millimetres",extracted from the published geometry,9.995611536567175,2.40015,2.374746,0.856522545,1.966645,0.5562589987058486,0.39239436503876246,0.7054166601379545,0.6744658727082612,-3.307458054131172,"percent of LWL, POSITIVE FORWARD of amidships","metres from 1/2 waterline length, upright condition (4TU hydrostatics 'Info' sheet, row lcb0). Negative is AFT.","LCB_pct = 100 * lcb0 / lwl0. Sign UNCHANGED: the source is already positive-forward. VERIFIED rather than assumed -- LCF is tabulated in the same units and sits further aft than LCB on every model, which is only true of a yacht canoe body if negative means aft.",15.026549022171535,0.0,"moderate_LB,deep_draft,low_Cp",round_bilge,OUT_OF_RANGE,"lcb=-3.3075 outside [-3,3] by 5.1% of the box",True,True,0.001883267716860093,0.09384169382674741,6.751502140868688,0.38717050254338514,1.0,"independent: offsets read from the published geometry, hydrostatics by benchmarks/e5_hydro.py which imports no part of the kernel under test","Fin-keel sailing yacht CANOE BODIES, appendages removed. Every model normalises to LWL = 10.000 m at full scale, so this family supplies NO length diversity whatever -- it varies beam, draft and prism","DSYHS hydrostatics, DOI 10.4121/21501375.v1",-0.30600849242163475,0.41285571375795815,-0.043833864288649195,0.21512733596076736,-0.6723693980848262
dsyhs_46,Delft Systematic Yacht Hull Series,Delft Systematic Yacht Hull Series Geometries data,"Delft University of Technology, Ship Hydromechanics Laboratory",https://data.4tu.nl/articles/dataset/Delft_Systematic_Yacht_Hull_Series_Geometries_data/21501330,CC0,"3D IGES NURBS surfaces, one per model, model scale, millimetres",extracted from the published geometry,9.99644409547599,3.018816,2.987002,0.5406847130000001,1.7332779999999999,0.5565548764580522,0.3924563379913858,0.7051529949553238,0.6748793695963549,-3.2849540453158848,"percent of LWL, POSITIVE FORWARD of amidships","metres from 1/2 waterline length, upright condition (4TU hydrostatics 'Info' sheet, row lcb0). Negative is AFT.","LCB_pct = 100 * lcb0 / lwl0. Sign UNCHANGED: the source is already positive-forward. VERIFIED rather than assumed -- LCF is tabulated in the same units and sits further aft than LCB on every model, which is only true of a yacht canoe body if negative means aft.",7.648463452062215,0.0,"wide,shallow_draft,low_Cp",round_bilge,OUT_OF_RANGE,"lcb=-3.2850 outside [-3,3] by 4.7% of the box",True,True,0.0005623534300016608,0.12960105946532896,7.195785362211495,0.7101364501755383,1.0,"independent: offsets read from the published geometry, hydrostatics by benchmarks/e5_hydro.py which imports no part of the kernel under test","Fin-keel sailing yacht CANOE BODIES, appendages removed. Every model normalises to LWL = 10.000 m at full scale, so this family supplies NO length diversity whatever -- it varies beam, draft and prism","DSYHS hydrostatics, DOI 10.4121/21501375.v1",-0.31904396934546203,0.5851760004416523,-0.035488470291572254,0.19308323912445116,-0.8637775458334438
dsyhs_47,Delft Systematic Yacht Hull Series,Delft Systematic Yacht Hull Series Geometries data,"Delft University of Technology, Ship Hydromechanics Laboratory",https://data.4tu.nl/articles/dataset/Delft_Systematic_Yacht_Hull_Series_Geometries_data/21501330,CC0,"3D IGES NURBS surfaces, one per model, model scale, millimetres",extracted from the published geometry,9.997866491542748,3.001728,2.978388,0.495791737,1.5618729999999998,0.5128937597746454,0.38177699952379407,0.7443588311379316,0.6510156656516022,-4.266018402479783,"percent of LWL, POSITIVE FORWARD of amidships","metres from 1/2 waterline length, upright condition (4TU hydrostatics 'Info' sheet, row lcb0). Negative is AFT.","LCB_pct = 100 * lcb0 / lwl0. Sign UNCHANGED: the source is already positive-forward. VERIFIED rather than assumed -- LCF is tabulated in the same units and sits further aft than LCB on every model, which is only true of a yacht canoe body if negative means aft.",6.225014346938252,0.0,"wide,shallow_draft,low_Cp",round_bilge,OUT_OF_RANGE,"Cp=0.5129 outside [0.525,0.71] by 6.5% of the box; lcb=-4.2660 outside [-3,3] by 21.1% of the box",True,True,0.002823533840417003,0.197256230444908,10.872317030879602,0.7874482141258485,1.0,"independent: offsets read from the published geometry, hydrostatics by benchmarks/e5_hydro.py which imports no part of the kernel under test","Fin-keel sailing yacht CANOE BODIES, appendages removed. Every model normalises to LWL = 10.000 m at full scale, so this family supplies NO length diversity whatever -- it varies beam, draft and prism","DSYHS hydrostatics, DOI 10.4121/21501375.v1",-6.815573568798619,-6.356614332394099,-0.02128350194949338,0.15778946265497346,-0.4689301887408782
dsyhs_48,Delft Systematic Yacht Hull Series,Delft Systematic Yacht Hull Series Geometries data,"Delft University of Technology, Ship Hydromechanics Laboratory",https://data.4tu.nl/articles/dataset/Delft_Systematic_Yacht_Hull_Series_Geometries_data/21501330,CC0,"3D IGES NURBS surfaces, one per model, model scale, millimetres",extracted from the published geometry,9.994279860221187,2.99959,2.903566,0.516610726,1.544586,0.559279939136313,0.40077839731772713,0.7165971265421083,0.6947054230790312,-0.6522358268518649,"percent of LWL, POSITIVE FORWARD of amidships","metres from 1/2 waterline length, upright condition (4TU hydrostatics 'Info' sheet, row lcb0). Negative is AFT.","LCB_pct = 100 * lcb0 / lwl0. Sign UNCHANGED: the source is already positive-forward. VERIFIED rather than assumed -- LCF is tabulated in the same units and sits further aft than LCB on every model, which is only true of a yacht canoe body if negative means aft.",4.6356327610099894,0.0,"wide,shallow_draft,low_Cp",round_bilge,IN_RANGE,,True,True,0.0009895151771022181,0.16468154078689004,9.253518685936786,0.7440083910122229,1.0,"independent: offsets read from the published geometry, hydrostatics by benchmarks/e5_hydro.py which imports no part of the kernel under test","Fin-keel sailing yacht CANOE BODIES, appendages removed. Every model normalises to LWL = 10.000 m at full scale, so this family supplies NO length diversity whatever -- it varies beam, draft and prism","DSYHS hydrostatics, DOI 10.4121/21501375.v1",-0.8465582085255715,0.42032673375519014,-0.057137404644284996,0.08647574586937064,-1.205133352409748
dsyhs_49,Delft Systematic Yacht Hull Series,Delft Systematic Yacht Hull Series Geometries data,"Delft University of Technology, Ship Hydromechanics Laboratory",https://data.4tu.nl/articles/dataset/Delft_Systematic_Yacht_Hull_Series_Geometries_data/21501330,CC0,"3D IGES NURBS surfaces, one per model, model scale, millimetres",extracted from the published geometry,9.99615720005762,2.97233,2.9473,0.472715,1.577727,0.500107763212702,0.3732348100780141,0.7463087708943897,0.6314557164005112,-4.333009322444005,"percent of LWL, POSITIVE FORWARD of amidships","metres from 1/2 waterline length, upright condition (4TU hydrostatics 'Info' sheet, row lcb0). Negative is AFT.","LCB_pct = 100 * lcb0 / lwl0. Sign UNCHANGED: the source is already positive-forward. VERIFIED rather than assumed -- LCF is tabulated in the same units and sits further aft than LCB on every model, which is only true of a yacht canoe body if negative means aft.",5.8299492755974995,0.0,"wide,shallow_draft,low_Cp",round_bilge,OUT_OF_RANGE,"Cp=0.5001 outside [0.525,0.71] by 13.5% of the box; lcb=-4.3330 outside [-3,3] by 22.2% of the box",True,True,0.005425694804892522,0.2214964358202697,12.184339973324375,0.8261091857117014,1.0,"independent: offsets read from the published geometry, hydrostatics by benchmarks/e5_hydro.py which imports no part of the kernel under test","Fin-keel sailing yacht CANOE BODIES, appendages removed. Every model normalises to LWL = 10.000 m at full scale, so this family supplies NO length diversity whatever -- it varies beam, draft and prism","DSYHS hydrostatics, DOI 10.4121/21501375.v1",-11.703271842359632,-11.63664606960885,-0.038440962367225495,-0.35770206045688147,-0.036973028478728465
dsyhs_50,Delft Systematic Yacht Hull Series,Delft Systematic Yacht Hull Series Geometries data,"Delft University of Technology, Ship Hydromechanics Laboratory",https://data.4tu.nl/articles/dataset/Delft_Systematic_Yacht_Hull_Series_Geometries_data/21501330,CC0,"3D IGES NURBS surfaces, one per model, model scale, millimetres",extracted from the published geometry,9.751434,3.000892,2.986442,0.47284499999999996,1.5883239999999998,0.5469996123088863,0.4210563812792532,0.7697562700309302,0.6712865703446375,-8.689542854721932,"percent of LWL, POSITIVE FORWARD of amidships","metres from 1/2 waterline length, upright condition (4TU hydrostatics 'Info' sheet, row lcb0). Negative is AFT.","LCB_pct = 100 * lcb0 / lwl0. Sign UNCHANGED: the source is already positive-forward. VERIFIED rather than assumed -- LCF is tabulated in the same units and sits further aft than LCB on every model, which is only true of a yacht canoe body if negative means aft.",5.763131186530717,0.0,"wide,shallow_draft,low_Cp",round_bilge,OUT_OF_RANGE,"lcb=-8.6895 outside [-3,3] by 94.8% of the box",True,True,0.0008772407671830962,0.12908004006565435,7.0933037357242,0.40853286917782927,1.0,"independent: offsets read from the published geometry, hydrostatics by benchmarks/e5_hydro.py which imports no part of the kernel under test","Fin-keel sailing yacht CANOE BODIES, appendages removed. Every model normalises to LWL = 10.000 m at full scale, so this family supplies NO length diversity whatever -- it varies beam, draft and prism","DSYHS hydrostatics, DOI 10.4121/21501375.v1",-1.9505296208096874,1.5383089524406348,-2.48566734275407,0.0297028497768805,-0.9745390010779853
dsyhs_60,Delft Systematic Yacht Hull Series,Delft Systematic Yacht Hull Series Geometries data,"Delft University of Technology, Ship Hydromechanics Laboratory",https://data.4tu.nl/articles/dataset/Delft_Systematic_Yacht_Hull_Series_Geometries_data/21501330,CC0,"3D IGES NURBS surfaces, one per model, model scale, millimetres",extracted from the published geometry,9.999343703495402,2.562028,2.53741,0.44461287299999996,1.575861,0.5411446904616911,0.4041245871008929,0.7467958093723582,0.6838023616931602,-4.528567510536941,"percent of LWL, POSITIVE FORWARD of amidships","metres from 1/2 waterline length, upright condition (4TU hydrostatics 'Info' sheet, row lcb0). Negative is AFT.","LCB_pct = 100 * lcb0 / lwl0. Sign UNCHANGED: the source is already positive-forward. VERIFIED rather than assumed -- LCF is tabulated in the same units and sits further aft than LCB on every model, which is only true of a yacht canoe body if negative means aft.",6.730039031256914,0.0,"wide,shallow_draft,low_Cp",round_bilge,OUT_OF_RANGE,"lcb=-4.5286 outside [-3,3] by 25.5% of the box",True,True,0.0008689919469615504,0.10970452774506034,6.944735464930555,0.6371279775255019,1.0,"independent: offsets read from the published geometry, hydrostatics by benchmarks/e5_hydro.py which imports no part of the kernel under test","Fin-keel sailing yacht CANOE BODIES, appendages removed. Every model normalises to LWL = 10.000 m at full scale, so this family supplies NO length diversity whatever -- it varies beam, draft and prism","DSYHS hydrostatics, DOI 10.4121/21501375.v1",-0.3006185353681215,-0.02241767641177645,-0.006754164914881556,0.04004163425492028,-0.2715274136069919
dsyhs_61,Delft Systematic Yacht Hull Series,Delft Systematic Yacht Hull Series Geometries data,"Delft University of Technology, Ship Hydromechanics Laboratory",https://data.4tu.nl/articles/dataset/Delft_Systematic_Yacht_Hull_Series_Geometries_data/21501330,CC0,"3D IGES NURBS surfaces, one per model, model scale, millimetres",extracted from the published geometry,10.00371903411774,2.687878,2.659748,0.400731915,1.443125,0.5416447678277913,0.42773679628950795,0.7896998580913112,0.6917202313317601,-4.525899374491292,"percent of LWL, POSITIVE FORWARD of amidships","metres from 1/2 waterline length, upright condition (4TU hydrostatics 'Info' sheet, row lcb0). Negative is AFT.","LCB_pct = 100 * lcb0 / lwl0. Sign UNCHANGED: the source is already positive-forward. VERIFIED rather than assumed -- LCF is tabulated in the same units and sits further aft than LCB on every model, which is only true of a yacht canoe body if negative means aft.",5.677533283742183,0.0,"wide,shallow_draft,low_Cp",round_bilge,OUT_OF_RANGE,"lcb=-4.5259 outside [-3,3] by 25.4% of the box",True,True,0.00037573053542239165,0.10731697816322498,6.818976131210211,0.5692350502498298,1.0,"independent: offsets read from the published geometry, hydrostatics by benchmarks/e5_hydro.py which imports no part of the kernel under test","Fin-keel sailing yacht CANOE BODIES, appendages removed. Every model normalises to LWL = 10.000 m at full scale, so this family supplies NO length diversity whatever -- it varies beam, draft and prism","DSYHS hydrostatics, DOI 10.4121/21501375.v1",-0.21765521768035073,-0.0807374049249711,0.02737108149205239,0.032628075754974756,-0.16435454184089446
dsyhs_62,Delft Systematic Yacht Hull Series,Delft Systematic Yacht Hull Series Geometries data,"Delft University of Technology, Ship Hydromechanics Laboratory",https://data.4tu.nl/articles/dataset/Delft_Systematic_Yacht_Hull_Series_Geometries_data/21501330,CC0,"3D IGES NURBS surfaces, one per model, model scale, millimetres",extracted from the published geometry,9.997365,2.433572,2.409298,0.516399029,1.660128,0.5412935371848521,0.3659116671635911,0.6759948937624802,0.6788359880225764,-4.4775609644125325,"percent of LWL, POSITIVE FORWARD of amidships","metres from 1/2 waterline length, upright condition (4TU hydrostatics 'Info' sheet, row lcb0). Negative is AFT.","LCB_pct = 100 * lcb0 / lwl0. Sign UNCHANGED: the source is already positive-forward. VERIFIED rather than assumed -- LCF is tabulated in the same units and sits further aft than LCB on every model, which is only true of a yacht canoe body if negative means aft.",8.426075845986858,3.413696969763554e-14,"moderate_LB,moderate_draft,low_Cp",round_bilge,OUT_OF_RANGE,"lcb=-4.4776 outside [-3,3] by 24.6% of the box",True,True,0.0013897805358316084,0.12954102161600048,8.20072964115605,0.6621526393273698,1.0,"independent: offsets read from the published geometry, hydrostatics by benchmarks/e5_hydro.py which imports no part of the kernel under test","Fin-keel sailing yacht CANOE BODIES, appendages removed. Every model normalises to LWL = 10.000 m at full scale, so this family supplies NO length diversity whatever -- it varies beam, draft and prism","DSYHS hydrostatics, DOI 10.4121/21501375.v1",-0.25643602180509006,-0.04640338562484085,-0.03615185749982149,-0.017616298970338493,-0.17404120530605643
series60_4210W,Series 60,"Todd, F.H., 'Series 60: Methodical Experiments with Models of Single-Screw Merchant Ships', DTMB Report 1712, US Government Printing Office, 1963.","David Taylor Model Basin, for the Society of Naval Architects and Marine Engineers",https://archive.org/details/methodicalexperi00todd,public domain (work of the US Government),"printed table of offsets, half-breadths as a fraction of the maximum beam on each waterline",extracted from the published geometry,20.0,2.666666,2.666666,1.066667,1.6,0.6122303162729968,0.5933660205641818,0.9691875831571799,0.7059001442133073,-1.5601001452483398,"percent of LWL, POSITIVE FORWARD of amidships",percent of LBP from amidships. The report states its own sign rule in words: LCB is 'positive if forward of amidships and negative if aft'.,NONE REQUIRED -- the source convention is already this project's. Recorded explicitly because 'no conversion needed' and 'conversion never considered' are indistinguishable after the fact.,21.03751102542181,0.010575861457885754,"slender,deep_draft,moderate_Cp",round_bilge,IN_RANGE,,True,True,0.0009567700636110565,0.21566970292055482,16.175231762849553,0.946667,0.92,"independent: offsets read from the published geometry, hydrostatics by benchmarks/e5_hydro.py which imports no part of the kernel under test","A methodical series publishes SHAPE, as fractions of L, B and T; it has no natural size. Instantiated at a length this project chose (see the fixture header), using the published L/B = 7.50 and B/H = ",,nan,nan,nan,nan,nan
wigley,Wigley parabolic hull,"Wigley, W.C.S., 'A Comparison of Experiment and Calculated Wave Profiles and Wave Resistance for a Form having Parabolic Waterlines', Proc. Royal Society A, 144, 1934.",—,https://doi.org/10.1098/rspa.1934.0044,"closed form, evaluated (no transcription)",y = (B/2)(1 - (2x/L)^2)(1 - (z/T)^2),extracted from the published geometry,12.0,1.2,1.2,0.75,nan,0.666249962100125,0.44405823697916674,0.6665039583333334,0.66625,2.3457883783587855e-07,"percent of LWL, POSITIVE FORWARD of amidships","none needed: the form is symmetric about amidships, so LCB is exactly 0 by construction.",NONE. LCB = 0 exactly.,32.41235051533228,0.0,"slender,deep_draft,high_Cp",mathematical (neither),IN_RANGE,,False,False,0.0007636318007699927,0.01815448879622748,3.02574813270458,0.05954641339107053,0.9822616407982262,"independent: offsets read from the published geometry, hydrostatics by benchmarks/e5_hydro.py which imports no part of the kernel under test","The only member of the corpus whose source truth cannot be disputed: volume 4LBT/9, Cp = Cm = 2/3, Cb = 4/9, LCB = 0 are exact. It therefore doubles as the correctness test of the independent measurem",,nan,nan,nan,nan,nan
